index,theta_res,gamma,rmse,r2,n_points
1,0.09974291656725649,1.4303076665923085,0.034220607240835615,0.9516499578921938,8
2,0.10168236105156657,0.8332432231645333,0.03247496213709515,0.9539369679907256,9
3,0.09983624418357592,0.5284969688809895,0.03347743635642494,0.9424478176295776,8
4,0.09832433304033406,0.5015030795691873,0.02835493462787242,0.9583581621810815,8
5,0.1762578390276793,0.8019548041650574,0.032375414985415026,0.932169477738575,8
6,0.17253406739435553,0.6169549673109838,0.031067147655604335,0.929707446791398,8
7,0.18927633877904543,0.9186229319438973,0.033163410025064025,0.9211106445917485,8
8,0.18367792927711016,0.6302477618984657,0.029373586292985178,0.9312668030184784,8
13,0.03853570161563173,7.543231905381971,0.08218492497545961,0.6378362318856448,9
14,0.40813788198087614,1.0,0.08619842330548594,3.2307490016592055e-14,7
15,0.022554116449087617,6.140239310004584,0.07472290674685844,0.7675337465669816,11
19,0.1521269199840659,0.668574321347344,0.03829198608319622,0.783655762309444,54
20,0.08657777647149212,1.4837453149247244,0.04879532305405094,0.8857499149938522,14
21,0.1909025794039735,1.4281321826854079,0.02890708625753122,0.9029060978603615,24
22,0.20359963832456532,0.721809503805276,0.017453165080602392,0.9640226712956198,9
23,0.12708721384865876,0.7230727045758507,0.02063865697448846,0.9665601804145587,22
24,0.32045527552688025,2.25837062941399,0.017540825858632016,0.9046373534646455,45
25,0.13837804100055834,2.98686382113941,0.02431918854596348,0.9233204764192097,17
26,0.11864407003737582,0.9976160539127478,0.020861805470632693,0.9692337813119185,18
27,0.22891074256303656,0.6379301697769003,0.03279983923723826,0.8134884145929774,24
28,0.22647856538409453,1.2692345615670764,0.036703579360297334,0.7799593442130679,27
29,0.25328427056760877,0.3248484332544461,0.013538003575877595,0.9783411428888421,14
30,0.11480064698691607,3.0879129235548137,0.03125391016529001,0.9200840740171652,64
31,0.17937031980943832,3.247630595145055,0.04342135527618173,0.7549415304730522,52
32,0.11048371303806266,3.2868621334481722,0.021626375492764926,0.9682074875307886,68
33,0.11907222609136463,0.8230787897448375,0.037023440867743417,0.9248172010212734,14
34,0.1527809810127907,0.8860113078609915,0.03849913876488914,0.8967020726931074,14
35,0.11801713900972874,0.747557411189028,0.054443209377142976,0.8152997356155158,14
36,0.14257016464872366,0.7305022118761513,0.04312480701022471,0.8612829855912603,14
37,0.11843551178493254,0.7668305637275503,0.02781580696133562,0.9563924326229603,13
38,0.1505282702327393,0.6542365441564842,0.04091312914209911,0.8808509256413602,14
39,0.20947148488074852,2.366942465764475,0.04468377216942386,0.8355675851932405,6
40,0.2132210032228959,0.14467213089596898,0.029979239733492067,0.9212664181692896,12
41,0.20308458838147306,0.1643863147524728,0.028958622231378038,0.940157474107409,15
43,0.20388789066548357,0.08387492067311204,0.023839060659255205,0.9528608917537182,8
44,0.33291519269270003,0.4230260391262651,0.0065770077155845345,0.9865342869225799,6
45,0.12685806389543738,1.6813926842081728,0.031513308985068655,0.9448536417308984,7
46,0.2207380521586865,1.0966078134374502,0.028435875509356848,0.9213054967128507,6
47,0.13850633353875746,0.06364071410994361,0.03667676714937229,0.8814455526708277,7
48,0.12447232951019391,0.8387106215116507,0.02187015036169281,0.960106916650661,6
49,0.12027054827780982,0.5391220165384052,0.032246696910907625,0.919670584048193,6
50,0.1344204965844233,0.11616701895659898,0.03743397152392903,0.8785360687428967,7
51,0.09683487221367415,1.015837103658035,0.03887793317330226,0.8794217484145219,7
52,1.660460020655118e-14,0.947340371796179,0.04978145116531487,0.7828072384794245,6
53,1.660460020655118e-14,0.947340371796179,0.04978145116531487,0.7828072384794245,6
54,0.039258303056580866,0.13559742731347654,0.03816558167049055,0.9171803781991535,26
55,0.13609675776003063,1.8495286678339529,0.028874951271024112,0.9525897963389837,8
56,0.1042285788630582,1.8657956436384888,0.03384726899694867,0.9416470624475255,8
57,0.1014331089048906,1.7067864700531983,0.030229389485545308,0.9539326796253712,8
58,0.3250631129209551,8.010995995051944,0.012381272386233131,0.9612113866022182,32
59,0.07633824253541896,0.7844717360308535,0.0245248653117867,0.962464111126065,12
60,0.31968457993600113,6.677648452456642,0.019158496526042342,0.9067373571703853,12
61,0.25341837824808267,3.0081314189035493,0.027778546297979215,0.8708773721769031,12
62,0.22722176565475286,2.1432329342596046,0.05336187287955673,0.7280723150785398,11
63,0.20936509927413055,5.3847284598803595,0.03237828396913644,0.8988267041385058,9
64,0.19277367575067716,6.699071407887632,0.02605458861667075,0.9478565793665643,10
65,0.1711134518595778,5.98342919814228,0.02771424122244708,0.9474672957356136,10
66,0.2558097863036686,0.9669731745530031,0.053227127894831854,0.675682587441905,11
69,0.17777904426036442,3.7575610778858457,0.020660292509429235,0.9639878902304552,16
70,0.07501508274834952,2.4003760647871033,0.03194706300222216,0.9181058244953966,27
71,0.08573280569391259,3.576100647631437,0.032958690047346174,0.9243918444544394,27
72,0.39111616323296755,0.5614308063763597,0.03477624281686399,0.4337871977197446,638
73,0.36123894757371167,1.0134217637559901,0.04275848001447866,0.6051528576483471,1014
74,0.06957641378721231,2.5904752066411656,0.02652311323820207,0.9544379816215481,12
75,0.3229476442093324,4.2602853384206565,0.010453815255307308,0.9686380821722954,10
76,0.06176614693539408,2.5954769489230842,0.026693381944339664,0.9507371008437866,18
77,2.014869800511393e-20,0.36805534152741104,0.1142932845068527,0.4384428496304472,11
78,0.18974228217041986,9.999999999999998,0.028554895766669905,0.9232842105807189,26
79,0.1561798524322874,2.5099664469459255,0.026172283393186772,0.9427596654734677,14
80,0.49040682839124156,3.709740589875082,0.009201890932488166,-0.044775506010216626,11
81,0.18954368183180462,1.8703690038472593,0.036032277075846185,0.8636670532639199,15
82,0.1202144140625143,1.1433295831983847,0.030398953091598388,0.9407970641876544,30
83,0.054484202098958164,0.15754793881736676,0.032619287164393,0.8846521506612747,28
84,0.23235890928977154,0.37626595626249004,0.044057352062581843,0.8519910904320397,26
85,0.204872292011801,2.3946322954606023,0.03531635344149331,0.8075062140934464,14
86,0.13862986623982823,0.6973071469719845,0.04872979756067565,0.8950716696366,14
87,0.13380281093471305,0.7649494122940106,0.046986637933120266,0.9025446994316999,27
88,0.0521077523427396,1.5401380331583083,0.034908599195259245,0.9616115508454667,6
89,0.29918802385378834,1.1498785710550319,0.009744060130686471,0.9814693200410033,6
90,0.0869867904228185,0.11063407287826109,0.027243438833277196,0.9480828358509574,11
91,0.014676879582503693,0.09018448872704032,0.01818997898174338,0.9876738134135143,6
93,5.557024444519267e-15,0.1377609464139411,0.07077696605313144,0.8141805374237812,10
94,2.7283826921327555e-17,0.08462348600639581,0.08262291070283305,0.8106183045166167,9
95,0.08117915721570022,0.06127430560420285,0.02462773419399097,0.9711043596017355,14
96,0.06450520185590414,0.050000000000000815,0.058097897317185385,0.8168354677526746,11
97,0.2534522526298529,0.06807551984796321,0.014694808966921304,0.9790613007212435,9
98,0.3231255762119821,0.053772791536495446,0.010393951567973684,0.9712940497913459,6
99,0.047829033329109545,1.6032813533947134,0.04027791110068343,0.9433468564821244,12
100,0.050694627146502,1.3424206779199674,0.034695910729239915,0.9567677324773292,12
101,0.1287932698533393,1.6790417505624515,0.027386716227092177,0.9598394655391835,7
102,0.12204545749639611,2.0116246792845875,0.028543743360208384,0.9616780527833301,7
103,0.15376787653897706,2.000047402180562,0.019992486942635956,0.9777524771615136,7
104,0.1992103113921796,2.485682799624846,0.031156475738186345,0.9346172766503651,7
105,0.06392302794220629,1.5474968988204365,0.029716598839094423,0.9644677460751112,7
106,0.28532849183219855,4.353072112721484,0.02258812572714633,0.929081478064756,7
107,0.48165191926795575,0.9911233905258647,0.006346164014880823,0.07355511199562936,22
108,0.49794609715845006,0.050000033836540766,0.00527872574874985,-2.883457108637799e-07,22
110,0.1699894126019693,0.8011454945099553,0.057926587812800016,0.7733629537016443,37
111,0.05476640732656654,1.9681380137247362,0.03247775658705994,0.943038662579231,82
112,0.13054366043823584,0.8286188860464542,0.05813468494518929,0.8121622024250255,16
113,0.3138766904572694,7.259801717892013,0.016916377318584842,0.9215263739710107,11
114,0.2287007771358999,3.693047954586075,0.12664946510382627,0.12812474545973573,16
115,0.27353602101012037,2.889496585937229,0.037981905025931864,0.7560037593449542,15
116,0.1341888931042851,1.539593472041801,0.06549981823658235,0.7257748892017666,10
117,0.14345480809411768,0.5938983809491142,0.06092076190789575,0.8402657865353111,16
118,0.04250291137303788,1.6862268250451944,0.04903828854464216,0.9137413711700186,6
120,0.07946122574099324,2.9807895526617543,0.09308136541320002,0.7192324146708782,24
121,0.10119231385765967,4.299354023270768,0.047281250652614855,0.9142899205440602,24
122,0.032777491864112177,2.7541497827166257,0.1280324660402216,0.6093506277431407,24
123,0.03778810873807936,2.079883845743019,0.09614943598458622,0.7292489371631363,25
124,0.013531389561505628,2.522704633754593,0.11830267303836287,0.653462482477873,21
125,0.11809526212744913,0.28376818936235754,0.056156247466653646,0.8825215978043554,28
126,0.10803859088532253,0.14386442176786293,0.046369138337696035,0.933006831502246,71
127,0.09420779652530897,0.14542218953395783,0.05296797204689027,0.8812608938308142,18
128,0.2741845301970793,0.6138577842965113,0.04777208635821561,0.6491663451175405,7
129,0.166584488334462,1.0406658990018327,0.044766421680371364,0.847534786350191,17
135,0.08484962357646982,5.477933515292071,0.03353014377385673,0.928600400424692,11
136,0.11197571491858357,2.8568318279295735,0.030818692362051914,0.9487662932126972,14
137,0.10729811915451179,1.8664434010148296,0.03174204714021018,0.9409028263078598,15
138,0.10565446617216205,0.27171835169006486,0.013361690431910577,0.9880052457405046,9
140,0.11298692501738869,0.35371366214700767,0.019233187633556068,0.9827790016070914,16
141,0.22023174769061749,2.135030745339271,0.019281965694217553,0.9637093459711124,11
142,0.14787842995463507,0.7986357746959706,0.02918720316163534,0.9223100636808712,12
143,0.14249572219115597,0.41072888579934835,0.01177469866328027,0.9942632576387082,18
144,0.18042894995086445,1.0474735899092835,0.02939126047455513,0.8920745774227123,17
145,0.20240800300658307,0.7693152311694966,0.02217688387659309,0.9551303996795102,14
146,0.18788234373096843,1.2368918121628898,0.023984189088746714,0.953647951796976,16
147,0.13476643824958615,0.22086450828144905,0.015491083197002762,0.9887039104424317,22
148,0.09698136399815258,1.8094909546631466,0.021520529732829877,0.982369673910988,9
149,0.13411869160007026,0.3136162259971854,0.03237002376348329,0.9417515407937571,10
150,0.12002955743705905,2.2212425489982595,0.03231388431091868,0.9413873121787906,6
151,0.18030824622529015,2.3064273775510764,0.024065564230707385,0.9541142404848627,6
152,0.19555063358101019,2.965382644590746,0.014568342771563025,0.9805618859335128,6
153,0.14419754819202243,2.568165287721619,0.02217185222310129,0.9683816117593295,6
154,0.27042998588589595,0.27575816298576444,0.017745874406778196,0.9511391314768927,56
155,0.41100679892121955,0.16822530410787748,0.004405842270337609,0.9422644667565309,78
156,0.2109074936277778,0.2547125163222069,0.03359037973231408,0.8930594470221677,66
157,0.39215775174251055,0.23720902730267832,0.007897308746562876,0.9290784523091085,62
158,0.12703500676657173,0.5084519465605872,0.056558595167910806,0.8177261929869211,31
159,0.32419077086458054,0.254755109468165,0.010076224818130782,0.9684636148620227,15
160,0.39215775174251055,0.23720902730267832,0.007897308746562876,0.9290784523091085,62
161,0.1474478178674141,0.4139195359264237,0.04530455876689505,0.8997519763626032,24
162,0.30625306061339547,0.2973274674081045,0.019617756698973657,0.876529576283545,22
163,0.21491319141174234,3.9426720921350746,0.036319521818731465,0.886131011909075,37
164,0.22040530350263898,1.1011341162450856,0.03862251120048075,0.8182597237040352,46
165,0.1759032137362443,1.3685315769774635,0.031509745470868586,0.932677697350799,48
166,0.12264290952779304,4.198429951597131,0.060295365467224506,0.8722177742819307,35
167,0.0945829210242276,4.822111350611802,0.0720693945955507,0.8231807830653266,24
168,0.13984775105451439,1.0347700999890102,0.031088572773870345,0.9384202415381607,29
169,0.1023960033374829,6.4948251407247675,0.057340273413318356,0.8567319240478268,33
170,0.11980544582358989,3.9466536217123034,0.05643412006057465,0.882606028060493,26
171,0.16010368662760138,2.785191143288795,0.02694704978192714,0.955004684422401,46
172,0.1662841024997832,1.2440190417141064,0.029987879472124317,0.9457818062364798,24
173,0.09351639491463776,0.188975659942994,0.0260069678671438,0.9685603922007237,137
174,0.11396232991750686,0.23163923578968165,0.05675957982665124,0.5835732341229788,97183
175,0.1259947361001373,0.24683770559316148,0.047983235117280906,0.6695716490030851,97422
176,0.13542412163091552,0.39183057908493046,0.039662716632159825,0.8569579360824833,98433
177,0.11876352788378158,0.31349658572823663,0.04274319467668774,0.3231248365126761,56248
178,0.17532426218759173,0.4086901161668002,0.04177345351312125,0.8551741107209985,101338
179,0.1691190148766543,0.432931607262299,0.0460759655680133,0.8349653476064217,91987
180,0.20634484116725732,0.7289239998554211,0.05844991738679875,0.7649056571674154,103494
181,0.01930003266431277,2.3022554699458726,0.029004642344898923,0.9812213334027786,64
182,0.07632708501763508,0.22168579864627203,0.039249208793685104,0.9352554209988371,17
183,0.03645965511905836,1.4220951150691827,0.05805368975026126,0.9042387880122615,66
184,0.20541658565943305,2.066469559197826,0.054322859645767406,0.8096984005031883,12
185,0.22358185018522198,1.826166365874352,0.03157841763243959,0.9092879884993152,8
186,0.17012002328660328,0.4462798173936033,0.04268289021175281,0.8273963611477526,18
187,0.16363970459217275,0.9518115859369599,0.04215963625743838,0.8834498930501884,10
188,0.12494663490234152,0.4713872530370118,0.025195221613139324,0.9646231165340562,11
189,0.07047150131230649,0.32326148042260855,0.03870121188306889,0.9084743541161961,13
190,0.12002352288276033,0.9990523145655098,0.03241234304667011,0.9353672048767135,12
191,0.17053867659346178,0.5569339968521361,0.040370914727686814,0.8515200085073572,15
192,0.22041231932801703,1.2341463343630492,0.02775554915549623,0.9206995824378078,12
193,0.18225972730688048,0.4303702914997175,0.043634687866596356,0.8251952796742984,15
194,0.11203579724949332,0.6352326357435901,0.04386860134515954,0.8919066193545295,13
195,0.12928519789393353,1.794093133788625,0.0707613304016262,0.7506432507376468,12
196,0.118665866346734,0.3746262201525454,0.033077176204892166,0.9258059055829854,12
197,0.17491533853992086,1.0664183160425826,0.03502977594969349,0.9150300156470138,9
198,0.16196737855572824,0.6906820914373043,0.029741019435650093,0.9377296648650681,10
199,0.043842926036315455,0.4155097395178173,0.03686499611125079,0.9330793127293268,13
200,0.07714281596490243,1.7136609649807093,0.023172474267634014,0.9773287287938354,9
201,0.053029205233015866,0.435561799594191,0.03959462890843213,0.9016999872957585,22
202,0.08906069035797731,1.5450176993162175,0.030756753457228576,0.9642786747562565,13
203,0.09277526232525227,4.132476763838118,0.020141513260387944,0.9729031432480029,10
204,0.09587262806339476,4.197319777621281,0.02103954005335435,0.9796167290119304,7
205,0.08589961133098295,0.8025150754470269,0.029142232579602512,0.965761771029698,13
206,0.09133413068209152,1.0460068178596802,0.028675036572391167,0.9579369185231886,12
207,0.11186811082488549,0.6838828271759029,0.03958695817982804,0.8989144175334647,15
208,0.09982606018552155,0.5733302018402529,0.037958789425987766,0.8998658405091026,22
209,0.12355992703004058,0.7690272099220263,0.046330269258673194,0.8666602997859691,16
210,0.13084004287969628,1.4403622280790713,0.03223412907928703,0.9342869927446046,13
211,0.15773835945327286,1.2679105178435985,0.035223823815309814,0.9216047757863483,9
212,0.10301108183495367,0.6286689643985269,0.043900273630579696,0.8919227979682544,13
213,0.1201620123782868,0.9096407355892111,0.03799018001878661,0.9247986173736733,12
214,0.11485623019560598,0.689675348523392,0.04312737283566639,0.8933041447389181,13
215,0.13640689630177413,1.0079217722117313,0.038215200103112974,0.9184469710189388,10
216,0.2036358145292901,0.6638714969908668,0.03937633915043198,0.838240405944785,15
217,0.25878313084023113,0.6985531709934744,0.039498015467603564,0.7886090797541814,9
218,0.06336401725608809,0.2112558759060388,0.046960095659325685,0.8623149410279023,12
219,0.11542352171868918,0.9435157998437302,0.03636449354687137,0.9287185553542433,9
220,0.1093371722693144,0.5489210658188347,0.04993310836466811,0.8308025221048743,13
221,0.12080454714174087,1.0506223750551527,0.03512122883698891,0.9269178979897014,12
222,0.1749417043623952,0.4404937502312015,0.038648822267515245,0.8640150399532953,13
223,0.20578434555886704,0.3265665834473619,0.02840838533305503,0.9137210258701697,9
224,0.1446704686590437,0.9544058288550163,0.042604945177265235,0.8620117292045197,17
225,0.14916753873782232,0.9299590649317293,0.04085216177708027,0.8946507938505152,11
226,0.11586986272557158,0.8945884337436537,0.039899990254737235,0.9159012809760877,13
227,0.12346628924154388,1.218444729056404,0.03074708942044534,0.9536210714066945,12
228,0.07906100136934882,0.5041310251408353,0.03751273659856276,0.914194924033767,13
229,0.09922374408434273,0.605523209826043,0.039072429138476264,0.9058273025327755,10
230,0.37630386089345447,1.1459691240893728,0.013565628280421045,0.926032727532699,10
231,0.12186358145282337,0.7142183630381443,0.030933846025215744,0.9264047866108474,18
232,0.24262780318787702,0.9397322299701104,0.025549372664173974,0.9210094009087761,6
233,0.22265728494487058,0.24201182006711905,0.028994791993234997,0.9172076177347839,10
234,0.2571358000880743,1.0496821661137261,0.025222900099423812,0.9370160731568679,6
235,0.2160358146628167,0.3165128782254094,0.031152098335087624,0.9243215343537909,6
236,0.10796374933354438,0.05000000000000001,0.09154594177274508,0.4894877545377708,25
237,0.1981212849774156,0.05000000000008073,0.059642496307088066,0.5288612582691254,20
238,0.2645486829386194,0.06944794848147451,0.017100699898337065,0.946739501845589,14
239,0.2852153863923027,0.06611660169567249,0.02216532989334788,0.9167292577848658,11
240,0.18717965296206007,0.7180984243787198,0.016673751360338072,0.9752326104898366,56
241,0.11241280084615977,0.3637698544731177,0.03600358414213052,0.9126549793606524,57
242,0.34550760772189165,0.24755719065741905,0.019271335337199356,0.840800053319678,26
243,0.12761885778506132,0.4660026031227459,0.02525482844656393,0.9569348203991238,40
244,0.059769738885177774,0.37831772143229214,0.051701692438483125,0.8738653843416241,33
245,0.0691254924316614,0.3557875732300303,0.03847072397676807,0.9239819878985963,32
246,0.1614830254155426,0.42208736859326595,0.01735094033437213,0.9783255778208297,27
247,0.2566099960750309,0.4804591636980597,0.020780412699993072,0.941097751473904,30
248,0.03248250905995498,1.9308134178449858,0.007939340647509863,0.9976540281127197,10
249,0.33635354985331883,7.821245829448035,0.01598566872568409,0.9221127255388003,9
250,0.0008988787858924276,0.9914040661280076,0.0008202317823810701,0.9999752897834786,8
251,0.2238324923236976,6.650328448883965,0.016311116645496566,0.9729432621895283,8
256,0.2462282868034865,8.581430414762496,0.036285520101073956,0.8125681483257143,10
257,0.2746157550702764,5.162439547832532,0.027722031234463932,0.88479454053814,7
258,0.17350145954168203,2.3298380369422196,0.03056349950333785,0.932166811611702,8
259,0.10349962811353298,4.428873855928096,0.04147794212645601,0.9045489234462145,9
260,0.07887551044033116,2.6520259390318137,0.03299958623839912,0.9508592159959635,8
261,1.1975087358144691e-16,6.137023679162009,0.1332216678951891,0.6668705046521116,12
262,0.14474860678655374,8.925309299637243,0.036327546528136336,0.923755523921668,19
263,0.07093917455392727,6.119246104832582,0.05428224100818582,0.9016768109601448,20
264,0.024053630745137455,6.129942724088917,0.0930876448253091,0.8053959200832665,19
265,0.009118391998890434,5.313418752968777,0.09031322262967564,0.8268673047038445,20
266,0.3364021747482577,9.999999999999998,0.020723808043906798,0.9028781839326199,16
267,0.15961023243212075,7.195839012672023,0.02500158898801388,0.9607405682690795,18
268,0.07809956431094255,4.582194730714192,0.035299386750098936,0.9518347233648533,15
269,0.05316164591204268,3.5084359490753743,0.043976107952593484,0.931044282094583,16
270,0.03755690176357619,3.2161598379420986,0.045298349891161785,0.9346132259748817,20
271,0.038459922733024586,2.0195941157402904,0.024123099993196173,0.9726014289800547,14
272,0.02028650850297115,2.109578929378971,0.04168989390318819,0.9304805720315353,15
273,1.1996817362778808e-18,2.983771824307206,0.11077377949916209,0.7578964483991266,14
274,5.675149015473486e-22,1.574115318425586,0.04075655184097011,0.9365224092774327,15
275,0.04622652507777542,1.6742833574293265,0.011526033679368063,0.9909243418634588,13
276,0.014166351210084532,2.2651702734831733,0.02448069394936285,0.9696243160473947,11
277,0.3871911245263958,9.999999999998101,0.019076955386282603,0.7827505307807215,8
278,0.10616819593696879,5.113752700138724,0.017581171867951016,0.9828449168189906,6
279,0.10198398938137955,3.5650665503861143,0.057697062868094076,0.8465728349874708,14
280,1.4709363111002695e-13,3.9007447943885776,0.11499918989149045,0.7166834190784757,11
281,1.1975087358144691e-16,6.137023679162009,0.1332216678951891,0.6668705046521116,12
282,0.049529115337292776,1.259220975418121,0.035139954765962586,0.9239631892784612,14
283,0.3247198231756226,7.255075144706725,0.02227539289553856,0.8168358466550563,11
284,0.14148645856172198,5.965619961118628,0.044829117558209584,0.842114279205188,8
285,0.053334713360541165,1.5311136140130734,0.01611695699558237,0.9855967269061401,12
286,0.046247673268927564,1.673774190348072,0.01148741079593427,0.9909834625832956,13
287,1.1865175222458395e-19,5.531980265010142,0.101077498214847,0.798589079915602,11
288,0.0059614033697024645,2.6432678477767673,0.06539139270817147,0.8308327343811477,16
289,1.0400347527508337e-20,5.076830318742297,0.11215196652048676,0.7572013050973753,14
290,0.017093992964245856,2.7662264842015842,0.05649118059041577,0.8202349530078904,13
291,2.0532958658780903e-12,5.788560952781214,0.11365788316527252,0.7108053263173568,12
292,0.016545119154376255,3.5732237302512613,0.07601952679335866,0.7698849481116752,14
293,0.21731635135488442,1.6081448819289572,0.031419828476306214,0.8442255749764886,8
294,0.33649104756869164,0.8979122532405132,0.03143220289844701,0.7783970242324346,8
295,0.3390313320723962,0.9781254570612018,0.032149027301551746,0.7587006108951931,9
296,0.11408015599765475,2.6441967631426264,0.03326261283461123,0.9407431298062167,14
297,0.054514497295425686,0.4202147474662479,0.06287669066396467,0.8182284268106373,9
298,0.11390847134974172,3.6147882145772705,0.040266607681906603,0.9270780387739619,9
302,0.17755125976647432,0.2519052159231725,0.05104022641541665,0.7630844833305809,33
303,0.17859590538663694,0.15784458290129935,0.024395825332480577,0.8916109136742133,65
304,0.436849422102782,5.925972837456984,0.013942030353304762,0.4467662725335073,44
305,0.2817500259868423,1.194441518022879,0.014002546467148077,0.9296855535851405,56
306,0.39665575425794813,5.89312988364921,0.01412925081780895,0.8568929254601181,37
307,0.3782383327504862,9.999999999999915,0.008462208161883823,0.8678173999208441,35
308,0.40918737837031155,4.8762940723986725,0.012652129250743988,0.7228347003603082,42
309,0.21631117581335493,0.6050613657290087,0.02804722817604118,0.9114507999209213,36
310,0.25491568937682413,0.632704903868107,0.04860051752965322,0.6204041421939963,61
311,0.38419937829135203,6.181268921375813,0.013757750699940898,0.8489553354393446,33
312,0.22133271933155685,1.0010335295326935,0.03993060117851457,0.7843146077416348,59
313,0.26088439122724205,1.2466943525481136,0.0355315303585964,0.7674981578478923,72
314,0.2502330274529295,0.6645451982482574,0.04158780358365057,0.7028834933330079,79
315,0.3922993761203749,4.936757151432224,0.016944096235730486,0.7210460186653209,48
316,0.2512379223811959,0.1261098482423627,0.037357979441666384,0.7270782199943525,52
317,0.2808340255578426,0.0954435690836479,0.04222943195442589,0.610222330996988,50
318,0.36936916111859835,0.7209073332038264,0.01561097354688745,0.8336443317003258,54
319,0.17391853986581438,0.32503158431193485,0.04085835808114141,0.7964250871701972,41
320,0.25071962989786495,1.4917290083645278,0.03087964552558256,0.885274450163383,63
321,0.24241986274113522,0.22231269667353995,0.03102600063808623,0.831839600384994,54
322,0.2607166144015136,0.3743868868050564,0.03373288006143566,0.7654657790248544,48
323,0.27879822256974274,0.7276094931594478,0.022978220708771185,0.8776111387603767,47
324,0.21997686229693286,0.8868082473029132,0.030644687909139733,0.8737044946136989,54
325,0.22317004797467385,1.0629427696105502,0.05114411384983771,0.6035716304626022,57
326,0.1440302500674392,0.3161231977189401,0.05556672337156186,0.5853985622765792,71
327,0.17083378162098806,0.30572485259292,0.030487797784643746,0.8112681569475776,50
328,0.053697223819130155,0.5893883150285791,0.01534510458706657,0.9887416773051454,8
329,0.12508574064695763,0.5334427696799532,0.028405048633955904,0.9455024985671048,8
330,0.12740173219962983,1.490155294915179,0.03303478112578579,0.9197803412371796,14
331,0.15923528546197147,2.0623751150741216,0.03309005779751634,0.9191238816394285,7
332,0.14334868913526025,2.79383381398622,0.02569726819487136,0.9441143100165157,11
333,0.14485152588266087,1.7272934115244911,0.027537533383502608,0.9322570703872113,16
334,0.11093973395809635,1.0432042710624192,0.03923663525847769,0.8737612741591732,18
335,0.15745500188214484,2.5894944182218778,0.06693278331803458,0.7173796412411106,8
336,0.20808669331650595,0.6927931753240941,0.04611010177655987,0.8192958207859737,8
337,0.2610631388948629,0.46524758850260706,0.05234604692406601,0.680819490696533,8
338,0.0697265635899218,1.6384398330313095,0.04776299261267253,0.9001948401256881,9
339,0.23357270211530973,0.4705951303718295,0.048231225341698776,0.7555972381516263,8
340,0.14829750424881816,2.8911860879152425,0.021933683602065455,0.9524347761849984,19
341,0.2426968180794219,0.9841757966883184,0.025369335236994334,0.8996357056671831,23
342,0.19628505826164558,1.8971930375399504,0.02798395299637049,0.9360690668415909,11
343,0.2539333519723127,2.4822884463418875,0.01866854685670211,0.9574818962305147,7
344,0.07521138316152681,0.214104261407005,0.03214242559690318,0.9447350070324363,11
345,0.024643698347806345,0.3609218922662759,0.0427305519534886,0.9333490426391479,7
346,0.09844576408508032,1.1016037003903507,0.007383810492023579,0.9982720253578069,10
347,0.1606805009568002,0.7355071755675882,0.0342856898920076,0.9282245021933898,7
348,0.06955625381250853,1.0099500672267439,0.02646823133918859,0.9508678224943579,38
349,0.0678745516663706,0.63945835092605,0.036408512390292004,0.8953174070846819,47
350,0.12435606973369169,1.57464498673762,0.015997126168320098,0.9807837296600033,35
351,0.16101317781142752,0.9608851441688623,0.03300017294653821,0.9215776091406577,22
352,0.10474178631994759,1.6208921121884885,0.0281990184829176,0.9636741359730555,141
353,0.12402090510269795,0.6973326476091593,0.048690739153932454,0.8690550454276329,24
354,0.13084629717895022,0.5591278703387205,0.03385698703460056,0.9411983768982868,34
355,0.05784637361982015,0.0779925927772499,0.028921139777072415,0.9149573688182017,40
356,0.07239566588420208,0.31080919939012036,0.03172247450274532,0.9452469397451438,46
357,0.09110582652628317,1.5292282205230232,0.02944014576306183,0.951384417996974,73
358,0.13607260101931384,0.8302962913752557,0.06532656317517753,0.7143601790903575,69
359,0.11010733441383881,0.2423151501484948,0.04568119945267262,0.9093541114377807,30
360,0.2552038576407293,1.6806371354027916,0.02419327487576202,0.8937793654375326,54
361,0.10429087561056416,2.147072872961517,0.03429710477959462,0.9366435878885276,6
362,0.1045759108267609,0.16932278341048224,0.02211738995548058,0.9725754841082813,8
363,0.42538347093111245,8.975719980335203,0.012550973033185092,0.6066413826933574,301
364,0.270655827074445,2.824694444975046,0.016766811541507134,0.9218378068068233,50
365,0.2648610418917601,2.631521381917972,0.01883412842977783,0.9149591803607058,41
366,0.28719550453076986,4.131816346747899,0.011853379983652901,0.9657713660241689,59
367,0.21674010583170455,6.384114372678579,0.017108437341768232,0.9765891862097656,33
368,0.1689452949718569,4.534405553459006,0.011144303423446326,0.992749757901408,47
369,0.13261778857127504,2.8835408143128958,0.01597239511918891,0.9865301310115082,58
370,0.11336882912978741,2.810675506138837,0.01996299334227724,0.9812361264804607,47
371,0.09873043036763315,0.4554561079428575,0.03923576012319809,0.9240100308127801,10
372,0.06752458297036319,0.6408889103101066,0.03036430900335661,0.9675920342130183,17
373,0.10588622014634587,0.52382835524023,0.03568875989247185,0.9218555011612705,11
374,0.0612448557063941,0.2676871016932983,0.03519025924714723,0.928664150678,11
375,0.07146965838500106,0.23414723574443588,0.04010539498347005,0.9256002092375394,16
376,0.04692248441627568,2.4377235929202357,0.02145985691238694,0.9777816171022903,11
377,0.07697706508027274,3.017952870878715,0.028223323255774896,0.9569038187453408,9
378,0.10264502830810149,0.5350204704158724,0.05379741294444646,0.8382405768320031,14
379,0.08576894808817892,3.3011669855819252,0.03170607160920517,0.9489244411389066,10
380,0.051857825567903214,0.2948819754598919,0.06391958701409636,0.7767493842189487,11
381,0.17244983009056955,0.505769542160626,0.03646381174690411,0.8742423351177883,86
382,0.20686866747047328,0.5957674635361628,0.030529331107534252,0.8989134461588146,106
383,0.03097444625131406,0.6570816843066141,0.032379390495053166,0.9457481824364511,42
384,0.014293766858946852,0.9907902934392945,0.03843393666256743,0.8222604292616463,54
385,0.09306291675216624,0.9460885746051221,0.03709290230999368,0.8571626084208095,74
386,0.06137370413809585,0.5131440348546926,0.039933630474771456,0.6713166543169247,79
387,0.17797484435985625,0.5938828294084287,0.02785107858503632,0.8826777812990206,40
388,0.14540885286984923,0.40653238129447006,0.02067531220054938,0.8810084938336596,52
389,0.17554344359144952,2.9574852389035478,0.03510334462311545,0.8748998364739597,36
390,0.15799996753513013,0.9293735503697265,0.04413971034493429,0.7997848218023356,70
391,0.1041636522299954,0.8337740860312544,0.02957910066596423,0.893736468146225,38
392,0.18204821741367105,0.73353723071312,0.03255155202901479,0.8912802431141861,61
393,0.2348529949356287,1.5260994917509754,0.022120614695675375,0.9258618252273402,42
394,0.28196058261001505,0.8915810593487117,0.026891083259416634,0.8601108756991367,59
395,0.20700476036460227,0.2760221396016893,0.03300953342520589,0.906537158066554,47
396,0.40375444018270934,2.866799394766664,0.004835478411333457,0.9596201601174749,19
397,0.090820059629073,0.7011785919478939,0.02653095651781255,0.9485077452745835,46
398,0.11655297973231252,0.3740764974806723,0.04152833212439257,0.841923149851511,25
399,0.1031231177107664,0.25645338550105695,0.0333862476968927,0.925211011209135,30
400,0.23249745609207825,0.6999136572366801,0.02734198302285903,0.9383213135099518,41
401,0.314619227937692,0.8341317826275815,0.018502425982409428,0.8925531899875638,37
402,0.04542689933613188,3.0230537465527147,0.042575936394833154,0.9000046436430986,54
403,0.06028450767900811,1.0447390032662625,0.04251177353774316,0.785802096794199,62
404,0.1385021786610348,3.101229864897909,0.02447304075864588,0.9499268012482798,11
405,0.20074470998455182,0.5161568764661508,0.03366412221326835,0.8986609422919738,53
406,0.19045190725519567,0.2621139737791339,0.02372363006057881,0.957550753220517,48
407,0.4107262366699066,0.5978973407181033,0.03381876414954138,0.2939811313975492,65
408,0.31850790296285403,0.29180396170540757,0.00932477320973513,0.9272077188462438,55
409,0.1880138723745933,0.6488620533202815,0.030029220196803937,0.9434140574630807,57
410,0.15270929190603338,0.05000000000005164,0.05251380842333724,0.6870428974573655,45
411,0.33521497618377655,0.11522524104741472,0.03213779022697908,0.8078903553518915,44
412,0.2467140928002601,0.05000000000004522,0.046192468703787716,0.7477783554452642,24
413,0.1751789487445462,0.7103969207718162,0.033023205665814015,0.9066717665135107,10
414,0.1094879949389959,0.27937124323467927,0.023792801777378705,0.9506540577355178,14
415,0.18158974294923558,0.47403064516328036,0.027980858976181047,0.9099863898319769,15
416,0.051918955805238726,0.25438725981241755,0.02455150783035182,0.9429781464564879,20
